{
    "key": "group_5a947a3a0a90d",
    "title": "Conciertos",
    "fields": [
        {
            "key": "field_5a9475ee80b32",
            "label": "Fecha",
            "name": "fecha",
            "type": "date_picker",
            "instructions": "",
            "required": 0,
            "conditional_logic": 0,
            "wrapper": {
                "width": "",
                "class": "",
                "id": ""
            },
            "display_format": "d\/m\/Y",
            "return_format": "d.m.Y",
            "first_day": 1
        },
        {
            "key": "field_5a94763380b33",
            "label": "Lugar",
            "name": "lugar",
            "type": "wysiwyg",
            "instructions": "",
            "required": 0,
            "conditional_logic": 0,
            "wrapper": {
                "width": "",
                "class": "",
                "id": ""
            },
            "default_value": "",
            "tabs": "text",
            "toolbar": "full",
            "media_upload": 0,
            "delay": 1
        },
        {
            "key": "field_5a947b4d92379",
            "label": "Hora",
            "name": "hora",
            "type": "time_picker",
            "instructions": "",
            "required": 0,
            "conditional_logic": 0,
            "wrapper": {
                "width": "",
                "class": "",
                "id": ""
            },
            "display_format": "H:i",
            "return_format": "H:i"
        },
        {
            "key": "field_5a947b9d9237a",
            "label": "Más info",
            "name": "mas_info",
            "type": "link",
            "instructions": "Indroduce aquí la url del enlace del evento o link con más información",
            "required": 0,
            "conditional_logic": 0,
            "wrapper": {
                "width": "",
                "class": "",
                "id": ""
            },
            "return_format": "url"
        }
    ],
    "location": [
        [
            {
                "param": "post_category",
                "operator": "==",
                "value": "category:conciertos"
            }
        ]
    ],
    "menu_order": 0,
    "position": "normal",
    "style": "seamless",
    "label_placement": "top",
    "instruction_placement": "label",
    "hide_on_screen": [
        "the_content",
        "excerpt",
        "custom_fields",
        "discussion",
        "comments",
        "revisions",
        "slug",
        "author",
        "format",
        "featured_image",
        "categories",
        "tags",
        "send-trackbacks"
    ],
    "active": 1,
    "description": "",
    "modified": 1520253357
}